ts,temp_c_mean,temp_c_std,temp_c_min,temp_c_max,temp_c_slope,temp_c_delta,humidity_mean,humidity_std,humidity_min,humidity_max,humidity_slope,humidity_delta,gas_ppm_mean,gas_ppm_std,gas_ppm_min,gas_ppm_max,gas_ppm_slope,gas_ppm_delta,smoke_mean,smoke_std,smoke_min,smoke_max,smoke_slope,smoke_delta,battery_v_mean,battery_v_std,battery_v_min,battery_v_max,battery_v_slope,battery_v_delta,anomaly_score,is_anomaly,alert_active,root_cause
2026-01-31T18:49:08.484316+00:00,21.966683333333332,0.18162153797266334,21.581,22.346,0.0010077521533759374,-0.3810000000000002,0.45265,0.0171870348421904,0.419,0.5,-0.00010750208391219772,-0.02200000000000002,12.095049999999999,0.7588921624095658,10.727,13.628,-0.0017007224228952425,-1.529,0.01863333333333333,0.00926276896445598,0.0,0.044,-3.2120033342595155e-05,-0.005000000000000001,3.7495000000000003,0.0047592016137162785,3.739,3.759,2.834120589051758e-06,0.009999999999999787,-0.4846415581002958,0,0,
2026-01-31T18:49:09.486673+00:00,21.964283333333334,0.18153540441345206,21.581,22.346,0.0010294804112253397,0.0019999999999988916,0.45293333333333335,0.01742781939569288,0.419,0.5,-5.846068352320081e-05,0.045999999999999985,12.063266666666667,0.7885370814926138,10.404,13.628,-0.004106918588496799,-0.5150000000000006,0.018799999999999997,0.009267865629870415,0.0,0.044,-3.117532647957765e-05,0.013000000000000001,3.7494,0.00483114893167243,3.739,3.759,-8.66907474298496e-06,-0.007000000000000117,-0.4638773031597484,0,0,
2026-01-31T18:49:10.487649+00:00,21.97488333333333,0.1807991603655529,21.581,22.346,0.0009875243123089715,0.375,0.45211666666666667,0.0184310351189388,0.406,0.5,-0.00013189774937482623,-0.06999999999999995,12.078249999999999,0.7807026669396403,10.404,13.628,-0.005474826340650177,1.7059999999999995,0.0187,0.009265167744478959,0.0,0.044,-3.0341761600444578e-05,-0.008,3.749416666666667,0.004838359455664892,3.739,3.759,-1.6949152542386561e-06,0.008999999999999897,-0.47020493015213366,0,0,
2026-01-31T18:49:11.492392+00:00,21.97315,0.18312362172405108,21.581,22.346,0.00017390941928313342,-0.5969999999999978,0.45139999999999997,0.01804826861502233,0.406,0.5,-9.941650458460676e-05,0.033999999999999975,12.099199999999998,0.7848183399148283,10.404,13.628,-0.004962100583495408,0.761000000000001,0.01895,0.00954886555216552,0.0,0.044,5.251458738538486e-06,0.020999999999999998,3.7493833333333333,0.00488225244010268,3.739,3.759,-2.3034176160045484e-05,-0.009999999999999787,-0.4687545693507197,0,0,
2026-01-31T18:49:12.497730+00:00,21.98061666666667,0.18394202815621621,21.581,22.346,0.00024098360655737687,0.5429999999999993,0.45119999999999993,0.017996110690924307,0.406,0.5,-8.374548485690459e-05,0.010000000000000009,12.107266666666668,0.791173092453366,10.404,13.628,-0.002892303417616001,0.09499999999999886,0.0191,0.009618904996585284,0.0,0.044,2.0172270075020835e-05,-0.008999999999999998,3.74945,0.004903825037661897,3.739,3.759,-1.7754931925535527e-05,0.01100000000000012,-0.4507910231514002,0,0,
2026-01-31T18:49:13.500946+00:00,21.980200000000004,0.18394408570722431,21.581,22.346,0.00023795498749652711,-0.25400000000000134,0.4513,0.01795577901401106,0.406,0.5,-0.00010791886635176429,-0.0030000000000000027,12.113516666666667,0.7903677728683585,10.404,13.628,-0.0032320366768546793,-0.7699999999999996,0.018983333333333335,0.009637585566704741,0.0,0.044,1.5031953320366772e-05,-0.014,3.7496500000000004,0.004714604967544964,3.739,3.759,-3.29258127257582e-05,-0.002000000000000224,-0.4443166078537783,0,0,
2026-01-31T18:49:14.502886+00:00,21.978833333333334,0.18187075691881383,21.581,22.346,0.0011631564323423174,0.24900000000000233,0.45035000000000003,0.017972965809793334,0.406,0.5,-0.0001090025006946374,-0.025000000000000022,12.127533333333334,0.7981498703599191,10.404,13.628,-0.0017617115865518201,0.7859999999999996,0.01918333333333333,0.009759596416974537,0.0,0.044,3.475965545984996e-05,0.017,3.749533333333333,0.0048147920227380415,3.739,3.759,-4.6568491247569646e-05,-0.008999999999999897,-0.4471715293215831,0,0,
2026-01-31T18:49:15.506667+00:00,21.979216666666666,0.18199817688342082,21.581,22.346,0.0013647957766046088,-0.1650000000000027,0.45043333333333335,0.018052115911684395,0.406,0.5,-5.195887746596276e-05,0.04799999999999999,12.080683333333333,0.8105913374746173,10.404,13.628,-0.0024739372047791063,-2.497,0.019033333333333333,0.009660860325158532,0.0,0.044,5.607113086968603e-05,-0.009999999999999998,3.7496000000000005,0.004779121258139374,3.739,3.759,-5.5126424006669036e-05,0.007000000000000117,-0.46371920368411157,0,0,
2026-01-31T18:49:16.508566+00:00,21.98208333333333,0.1853746019700531,21.581,22.346,0.002086162823006391,0.23200000000000287,0.45053333333333334,0.0180438970907679,0.406,0.5,-5.6904695748819095e-05,-0.01799999999999996,12.090583333333335,0.8100582549353404,10.404,13.628,-0.002619422061683803,1.854000000000001,0.018716666666666663,0.009640352114362259,0.0,0.044,5.815504306751876e-05,-0.011000000000000001,3.7493666666666665,0.004851002187406421,3.739,3.759,-6.0072242289525394e-05,-0.008000000000000007,-0.45785435062169083,0,0,
2026-01-31T18:49:17.509068+00:00,21.985199999999995,0.18587592635949404,21.581,22.346,0.0021857182550708565,-0.17600000000000193,0.45053333333333334,0.0180438970907679,0.406,0.5,-0.00011536537927202002,-0.019000000000000017,12.123266666666668,0.8384715234016931,10.404,13.804,-0.00023017504862462147,1.4649999999999999,0.01901666666666666,0.009920503459446445,0.0,0.044,8.860794665184773e-05,0.026999999999999996,3.7494,0.004848367422820422,3.739,3.759,-6.135037510419577e-05,0.008999999999999897,-0.47246571715359825,0,0,
2026-01-31T18:49:18.514414+00:00,21.988266666666664,0.18375643904061958,21.581,22.346,0.0017598221728257891,-0.1559999999999988,0.45113333333333333,0.018346177319055385,0.406,0.5,-8.480133370380668e-05,0.044999999999999984,12.146266666666667,0.8582151413770844,10.404,13.804,0.002197943873298137,-0.25099999999999945,0.01888333333333333,0.010119439488210579,0.0,0.044,3.87607668796888e-05,-0.037,3.749316666666667,0.004897249795094712,3.739,3.759,-7.088080022228358e-05,-0.005999999999999783,-0.4766990604778383,0,0,
2026-01-31T18:49:19.519680+00:00,21.99455,0.18048198663578602,21.581,22.346,0.0014433731592108957,0.13400000000000034,0.4502500000000001,0.017518204816704255,0.406,0.5,-2.87579883300918e-05,-0.03699999999999998,12.15385,0.8476298882767173,10.404,13.804,-0.0017716865796054504,-2.3660000000000014,0.01888333333333333,0.010119439488210577,0.0,0.044,2.5812725757154765e-05,0.015,3.7494833333333335,0.005018272168341929,3.739,3.759,-5.8877465962766675e-05,0.01399999999999979,-0.47151558630829127,0,0,
2026-01-31T18:49:20.521448+00:00,21.999900000000004,0.1789122410568937,21.581,22.346,0.0012675743262017263,0.019999999999999574,0.45048333333333335,0.017539946471475398,0.406,0.5,-2.331203111975555e-05,0.018000000000000016,12.178216666666666,0.8893761875919298,10.404,14.385,0.00318958043901083,3.1980000000000004,0.01936666666666666,0.010232247499395667,0.0,0.044,3.373159210891915e-05,0.020999999999999998,3.749366666666667,0.00492262351010331,3.739,3.759,-4.529035843289706e-05,-0.008000000000000007,-0.4789188938377692,0,0,
2026-01-31T18:49:21.522510+00:00,22.00325,0.18119930325473124,21.581,22.346,0.0016774381772714725,0.120000000000001,0.45013333333333333,0.01767528091871684,0.406,0.5,-4.6012781328146766e-05,-0.026000000000000023,12.169000000000002,0.8845245238733257,10.404,14.385,0.004746318421783822,-2.020999999999999,0.0196,0.010289476825054485,0.0,0.044,4.2122811892192285e-05,-0.006999999999999996,3.7491333333333334,0.004838962239525654,3.739,3.759,-3.945540427896503e-05,-0.005999999999999783,-0.4672019287632033,0,0,
2026-01-31T18:49:22.527861+00:00,21.996683333333333,0.17890039050326934,21.581,22.346,0.001887607668796899,-0.35900000000000176,0.45026666666666665,0.017816534143567004,0.406,0.5,1.6671297582661743e-05,0.03999999999999998,12.168633333333332,0.8847026801260536,10.404,14.385,0.003313198110586268,-0.636000000000001,0.01916666666666666,0.010050152016539629,0.0,0.044,6.085023617671576e-05,-0.017,3.749133333333334,0.004838962239525654,3.739,3.759,-5.323701028063179e-05,0.0009999999999998899,-0.4720331732531583,0,0,
2026-01-31T18:49:23.530039+00:00,21.99865,0.18036017899377543,21.581,22.346,0.00233217560433455,0.3240000000000016,0.45048333333333335,0.017951315334042303,0.406,0.5,5.3764934704084445e-05,-0.004999999999999949,12.152999999999999,0.8746763401395972,10.404,14.385,0.005194331758821891,0.5280000000000005,0.019166666666666665,0.010050152016539627,0.0,0.044,6.0294526257293686e-05,0.006999999999999999,3.7492500000000004,0.004724492918116497,3.739,3.759,-6.88802445123623e-05,0.0030000000000001137,-0.4687108807669854,0,0,
2026-01-31T18:49:24.535374+00:00,22.00298333333333,0.18308299499286004,21.581,22.346,0.002712892470130606,0.054999999999999716,0.45056666666666667,0.01797439536921587,0.406,0.5,7.035287579883301e-05,-0.010000000000000009,12.165083333333332,0.8777854386972302,10.404,14.385,0.0059460683523200825,0.49099999999999966,0.01898333333333333,0.010097015510645818,0.0,0.044,5.170880800222282e-05,-0.008,3.7492166666666664,0.004733186617444442,3.739,3.759,-7.299249791608555e-05,-0.001000000000000334,-0.46443142201348503,0,0,
2026-01-31T18:49:25.538608+00:00,22.001383333333333,0.1833029452088053,21.581,22.346,0.0026289247013059278,-0.3160000000000025,0.45089999999999997,0.01790502722701086,0.406,0.5,5.7904973603778835e-05,-0.0010000000000000009,12.139033333333332,0.8718166467529487,10.404,14.385,0.006614392886913027,-1.1760000000000002,0.019116666666666664,0.009963419203377033,0.0,0.044,1.8199499861072523e-05,0.002,3.7492,0.0047215816559001604,3.739,3.759,-6.201722700750001e-05,0.004999999999999893,-0.47167759890645894,0,0,
2026-01-31T18:49:26.545829+00:00,22.00578333333333,0.18082377163661018,21.581,22.346,0.0022868852459016495,0.10400000000000276,0.44991666666666663,0.016765332948942255,0.406,0.495,0.00012489580439010834,-0.016000000000000014,12.147633333333333,0.8739611731777461,10.404,14.385,0.0073401500416782365,1.048,0.019166666666666658,0.009935066962811854,0.0,0.044,-6.112809113642715e-07,0.002,3.7491833333333338,0.004716961121550802,3.739,3.759,-5.7654904140036976e-05,-0.0019999999999997797,-0.4710079739716219,0,0,
2026-01-31T18:49:27.547373+00:00,22.00928333333333,0.17833817049514555,21.581,22.346,0.001861656015559885,-0.04800000000000182,0.45036666666666664,0.01658610529596653,0.406,0.495,0.0001027507641011392,0.016000000000000014,12.1336,0.8620233020825675,10.404,14.385,0.009802111697693797,-0.1609999999999996,0.019183333333333327,0.009933934545564288,0.0,0.044,-2.861906085023623e-06,0.004,3.7490666666666668,0.004607481838150687,3.739,3.759,-4.306751875520764e-05,0.0,-0.47149309788893484,0,0,
2026-01-31T18:49:28.551271+00:00,22.01088333333333,0.1782297292510117,21.581,22.346,0.0018213670464017832,0.06099999999999994,0.45055,0.016564444854366037,0.406,0.495,9.622117254792999e-05,-0.0030000000000000027,12.1394,0.8692228559657951,10.404,14.385,0.013384773548207829,0.9269999999999996,0.01931666666666666,0.01001081359774963,0.0,0.044,1.631008613503751e-05,0.010000000000000002,3.7489500000000007,0.004595015415280584,3.739,3.759,-4.1428174492912345e-05,-0.0040000000000000036,-0.4788597365902089,0,0,
2026-01-31T18:49:29.556007+00:00,22.019949999999994,0.16976654803975186,21.678,22.346,0.001279827729924984,0.07900000000000063,0.4508166666666666,0.016649816482138445,0.406,0.495,0.00011394831897749375,0.010000000000000009,12.165199999999999,0.8637949370847999,10.404,14.385,0.012776938038343977,-0.641,0.0191,0.010282185241150507,0.0,0.044,-2.6062795220894697e-05,-0.029,3.748833333333334,0.004424050431699639,3.739,3.758,-1.93942761878281e-05,0.005999999999999783,-0.5047714497034658,0,0,
2026-01-31T18:49:30.558005+00:00,22.02613333333333,0.170546324759254,21.678,22.346,0.001351375382050579,0.10500000000000043,0.45103333333333334,0.01657906980368789,0.406,0.495,9.585996110030567e-05,-0.01200000000000001,12.16575,0.8639426606166253,10.404,14.385,0.0135505696026674,-0.33000000000000007,0.01886666666666666,0.010259088111956582,0.0,0.044,-2.2672964712420113e-05,0.013,3.7488166666666674,0.00443280071988599,3.739,3.758,-2.7146429563766018e-05,-0.005999999999999783,-0.5054859066341644,0,0,
2026-01-31T18:49:31.562870+00:00,22.030183333333333,0.17361398673174044,21.678,22.346,0.001785968324534603,0.05000000000000071,0.45026666666666665,0.017019465979349124,0.406,0.495,6.368435676576829e-05,-0.03400000000000003,12.187983333333333,0.8441612304859515,10.404,14.385,0.011016976938038336,-0.33000000000000007,0.018999999999999996,0.01044030650891055,0.0,0.044,2.4228952486801876e-05,0.024,3.748766666666667,0.004424803824904379,3.739,3.758,-2.4784662406222046e-05,0.002000000000000224,-0.5023149646889448,0,0,
2026-01-31T18:49:32.565575+00:00,22.029333333333334,0.17336538165261142,21.678,22.346,0.0019551542095026524,-0.22500000000000142,0.45078333333333326,0.016866230231507642,0.406,0.495,4.692970269519313e-05,0.04300000000000004,12.197483333333333,0.8339857611028034,10.404,14.385,0.008020366768546812,-0.504999999999999,0.019249999999999996,0.010158124826955021,0.0,0.044,-1.4531814392886922e-05,-0.022,3.7485166666666667,0.004652926199954362,3.737,3.758,-3.859405390386047e-05,-0.01100000000000012,-0.5105185086332015,0,0,
2026-01-31T18:49:33.567189+00:00,22.03115,0.17295893780509503,21.678,22.346,0.0018259794387329954,-0.009000000000000341,0.45076666666666665,0.016868478163591275,0.406,0.495,3.934426229508202e-05,-0.013000000000000012,12.19068333333333,0.8404516542047826,10.404,14.385,0.005366018338427336,-0.3849999999999998,0.019599999999999996,0.010056838469419701,0.0,0.044,-2.4284523478744113e-05,0.012,3.7485166666666667,0.004652926199954362,3.737,3.758,-4.365101417060161e-05,0.009999999999999787,-0.48515384596123456,0,0,
2026-01-31T18:49:34.572670+00:00,22.034633333333332,0.1736745967479286,21.678,22.346,0.0019447068630175145,0.1269999999999989,0.4502333333333333,0.017072752821056393,0.406,0.495,1.7671575437621602e-05,-0.020000000000000018,12.191483333333332,0.8402468980735499,10.404,14.385,0.0046488746874131645,0.8059999999999992,0.019499999999999997,0.01005236290630218,0.0,0.044,-2.2784106696304533e-05,-0.009999999999999998,3.7483999999999993,0.004550457852421692,3.737,3.758,-3.017504862461681e-05,0.002000000000000224,-0.4702921900984136,0,0,
2026-01-31T18:49:35.577963+00:00,22.036350000000002,0.17411890812507044,21.678,22.346,0.002094776326757445,-0.04099999999999682,0.4495166666666666,0.017130374258089703,0.406,0.495,1.308696860238951e-05,-0.0010000000000000009,12.196216666666665,0.8383528312841928,10.404,14.385,0.0035290636287857668,0.0,0.01928333333333333,0.009941649203672845,0.0,0.044,-5.751597666018353e-06,0.0009999999999999974,3.7484333333333324,0.004547404632192791,3.737,3.758,-3.1564323423172e-05,0.0,-0.46563446233292466,0,0,
2026-01-31T18:49:36.581016+00:00,22.03601666666667,0.1738030966032796,21.678,22.346,0.002644317866073918,0.0589999999999975,0.44908333333333333,0.017339061553485403,0.406,0.495,-1.458738538482916e-05,0.0010000000000000009,12.199749999999998,0.8370706785172525,10.404,14.385,0.0025155043067518687,0.0,0.019349999999999996,0.009946230441730174,0.0,0.044,-3.473186996387892e-06,0.004,3.7483,0.004702127178203457,3.737,3.758,-4.94581828285628e-05,-0.010000000000000231,-0.47607349601845816,0,0,
2026-01-31T18:49:37.584798+00:00,22.03081666666667,0.169053393110645,21.678,22.325,0.0031664073353709437,-0.15700000000000003,0.4488666666666667,0.017494253024604653,0.406,0.495,-5.6182272853570506e-05,0.0020000000000000018,12.197666666666667,0.837409610379267,10.404,14.385,0.002061350375104189,0.0,0.019133333333333332,0.01000577610960567,0.0,0.044,-1.2614615170880825e-05,-0.011999999999999999,3.7481666666666658,0.004765034685661287,3.737,3.758,-5.6904695748818464e-05,0.0030000000000001137,-0.47934021674996996,0,0,
2026-01-31T18:49:38.585693+00:00,22.031483333333334,0.16866193916299632,21.678,22.325,0.002835815504306761,-0.08199999999999719,0.4486166666666666,0.017440462213548766,0.406,0.495,-4.3651014170603e-05,0.015000000000000013,12.196616666666667,0.8376172771949942,10.404,14.385,0.0015090580716865742,0.0,0.018816666666666666,0.009957395353315154,0.0,0.044,-7.529869408168963e-06,0.0009999999999999992,3.7479666666666662,0.004851002187406413,3.737,3.758,-6.37954987496521e-05,-0.0019999999999997797,-0.48105584900381637,0,0,
2026-01-31T18:49:39.587427+00:00,22.039633333333335,0.1674467046223631,21.678,22.325,0.00275226451792165,0.30299999999999727,0.44906666666666667,0.01719773886946253,0.406,0.495,-7.479855515420956e-05,0.008000000000000007,12.189483333333333,0.8374388433723915,10.404,14.385,0.0015789108085579266,0.0,0.019016666666666664,0.010275361577849976,0.0,0.044,4.6096137816060004e-05,0.030000000000000002,3.74805,0.004859440982938906,3.737,3.758,-6.215615448735725e-05,0.010999999999999677,-0.5057522017986538,0,0,
2026-01-31T18:49:40.590680+00:00,22.036216666666668,0.17006705458599433,21.678,22.325,0.002320727979994449,-0.44899999999999807,0.4495333333333333,0.01735172101614772,0.406,0.495,-5.57932759099751e-05,0.01599999999999996,12.168533333333334,0.8261174950063432,10.404,14.385,0.003077632675743256,0.0,0.01886666666666666,0.010193897956893407,0.0,0.044,6.462906362878576e-05,-0.021,3.748016666666666,0.004887029318057665,3.737,3.758,-7.56043345373712e-05,-0.008000000000000007,-0.5057040045087822,0,0,
2026-01-31T18:49:41.596333+00:00,22.038816666666666,0.16832265560193882,21.678,22.325,0.0019422339538760808,0.19599999999999795,0.44993333333333335,0.01693799148528407,0.406,0.495,-0.00011492081133648246,-0.024999999999999967,12.154699999999998,0.821863640352421,10.404,14.385,0.0039224784662406165,0.0,0.018616666666666663,0.01046596335216634,0.0,0.044,2.7146429563767695e-05,-0.02,3.7479666666666662,0.004912455823946084,3.737,3.758,-8.39121978327309e-05,0.001000000000000334,-0.49534849206083287,0,0,
2026-01-31T18:49:42.600982+00:00,22.04136666666667,0.16605631240301863,21.678,22.325,0.0014467907752153443,-0.03399999999999892,0.45025,0.016776595800896757,0.406,0.495,-0.0001435676576826898,0.007000000000000006,12.175916666666668,0.8008972737221395,10.404,14.385,0.0012490414003889908,0.0,0.0186,0.010464543309034879,0.0,0.044,3.011947763267573e-05,0.019,3.748133333333333,0.00504468917663799,3.737,3.758,-7.07418727424281e-05,0.0129999999999999,-0.49601199697794657,0,0,
2026-01-31T18:49:43.606556+00:00,22.03655,0.1647300240798057,21.678,22.325,0.001598638510697424,-0.027999999999998693,0.4502166666666667,0.016783018864978443,0.406,0.495,-0.00015434843011947777,-0.0050000000000000044,12.171333333333333,0.8011039813213318,10.404,14.385,0.0011285912753542602,0.0,0.018616666666666667,0.010459591557778706,0.0,0.044,1.9755487635454294e-05,-0.002999999999999999,3.7481666666666666,0.005089750048436081,3.737,3.758,-4.790219505418178e-05,-0.001000000000000334,-0.4777312550837722,0,0,
2026-01-31T18:49:44.607533+00:00,22.035266666666665,0.16463969414721627,21.678,22.325,0.0016372881355932267,0.06899999999999906,0.45036666666666664,0.016713234941872334,0.406,0.495,-0.00018032786885245915,0.0010000000000000009,12.16195,0.7997575137711015,10.404,14.385,0.001511558766323974,0.0,0.01888333333333333,0.010414879846749181,0.0,0.044,1.392053348152263e-05,0.009000000000000001,3.74795,0.0050709137901039335,3.737,3.758,-4.642956376771357e-05,-0.01399999999999979,-0.4912587593314737,0,0,
2026-01-31T18:49:45.612325+00:00,22.028233333333333,0.17071139062431934,21.676,22.325,0.001154654070575162,-0.33300000000000196,0.45085000000000003,0.016652152013078275,0.406,0.495,-0.0001873575993331482,0.016000000000000014,12.16725,0.7976101308492347,10.404,14.385,0.00043259238677410003,0.0,0.018699999999999998,0.010260441835840536,0.0,0.044,4.2956376771325375e-05,-0.0030000000000000027,3.747916666666667,0.005077045291199248,3.737,3.758,-4.9541539316476805e-05,0.0040000000000000036,-0.48096437664319425,0,0,
2026-01-31T18:49:46.614970+00:00,22.029666666666667,0.16948998659376788,21.676,22.325,0.0006713531536537964,0.2510000000000012,0.4505666666666667,0.016536189269464582,0.406,0.495,-0.00016471242011669915,-0.014000000000000012,12.186866666666667,0.7785541185785069,10.404,14.385,-0.002119977771603228,0.0,0.01885,0.010227128955218403,0.0,0.044,3.5370936371214224e-05,-0.0009999999999999974,3.7479999999999998,0.004969909455915621,3.737,3.758,-7.10752986940816e-05,-0.0019999999999997797,-0.4851744913999991,0,0,
2026-01-31T18:49:47.620465+00:00,22.027166666666663,0.17004099178988857,21.676,22.325,0.0005465962767435429,-0.010999999999999233,0.4504166666666667,0.01649978956094761,0.406,0.495,-0.00015134759655459858,0.0010000000000000009,12.187816666666667,0.7782907017232631,10.404,14.385,-0.0028396499027507674,0.0,0.01878333333333333,0.01018674247353992,0.0,0.044,5.59877743817727e-05,0.0019999999999999983,3.7481,0.004948737212663402,3.737,3.758,-7.457627118644027e-05,0.005999999999999783,-0.4822558601260565,0,0,
2026-01-31T18:49:48.622565+00:00,22.024516666666663,0.1693279354454612,21.676,22.325,0.0006988330091692176,0.07600000000000051,0.45048333333333335,0.01652219887168641,0.406,0.495,-0.00013284245623784388,0.008000000000000007,12.160683333333333,0.7556582007686338,10.404,14.385,-0.0007065573770491843,0.0,0.01923333333333333,0.009985600744182706,0.0,0.044,4.095582106140595e-05,0.005000000000000001,3.7479833333333334,0.004890438517033869,3.737,3.758,-6.637954987496511e-05,-0.0030000000000001137,-0.4784014564816525,0,0,
2026-01-31T18:49:49.628168+00:00,22.02526666666666,0.1683578398002964,21.676,22.325,-2.934148374548123e-05,-0.16300000000000026,0.45053333333333334,0.01649188352560805,0.406,0.495,-0.00016621283689913867,-0.016000000000000014,12.137466666666667,0.7386477840546799,10.404,14.385,0.0011186996387885482,0.0,0.01903333333333333,0.010068046263081807,0.0,0.044,2.7174215059738807e-05,-0.019000000000000003,3.7479500000000003,0.004869719362208282,3.737,3.758,-5.6265629341484014e-05,0.0030000000000001137,-0.4834101189764088,0,0,
2026-01-31T18:49:50.630520+00:00,22.02668333333333,0.16758634507487655,21.676,22.325,-0.0003343428730202801,0.1479999999999997,0.45028333333333326,0.01661133314604487,0.406,0.495,-0.00019258127257571552,-0.007000000000000006,12.152033333333332,0.7270847489957565,10.404,14.385,-0.0008210058349541582,0.0,0.019483333333333335,0.009943995955125663,0.0,0.044,1.7977215893303696e-05,0.020999999999999998,3.748233333333333,0.005389392874485504,3.737,3.766,-2.4895804390108482e-05,0.016000000000000014,-0.4898856065071595,0,0,
2026-01-31T18:49:51.633450+00:00,22.02765,0.1685287141706126,21.676,22.325,0.0002119199777716031,0.24299999999999855,0.45068333333333327,0.01667182420199488,0.406,0.495,-0.00018419005279244233,0.030000000000000027,12.14575,0.7267423804210127,10.404,14.385,-0.0006889413726035041,0.0,0.019399999999999997,0.009943507094246642,0.0,0.044,1.81717143651014e-05,-0.012999999999999998,3.748083333333333,0.005295569426941278,3.737,3.766,-1.3753820505696755e-05,-0.019000000000000128,-0.4950454754114546,0,0,
2026-01-31T18:49:52.635689+00:00,22.029983333333334,0.16971775507850945,21.676,22.325,0.000499277577104752,-0.03500000000000014,0.4501,0.01704865586099581,0.406,0.495,-0.0002205056960266741,-0.04300000000000004,12.148149999999998,0.7260189580858064,10.404,14.385,-0.0014189774937482674,0.0,0.019199999999999995,0.009989661322253788,0.0,0.044,1.0502917477076956e-05,-0.006000000000000002,3.748133333333333,0.005318103254189582,3.737,3.766,-5.779383161990409e-06,0.004999999999999893,-0.4727538714827108,0,0,
2026-01-31T18:49:53.639995+00:00,22.023750000000003,0.1752066993582153,21.676,22.325,-7.085301472630271e-06,-0.4969999999999999,0.4494666666666667,0.016045213893522547,0.406,0.478,-0.0001330925257015838,0.03500000000000003,12.148466666666666,0.7259501237841497,10.404,14.385,-0.001945151430953047,0.0,0.01928333333333333,0.010058316072893227,0.0,0.044,3.803834398444012e-05,0.019,3.7482166666666665,0.005323193485952627,3.737,3.766,-4.695748819117619e-06,-0.0009999999999998899,-0.4927404287700498,0,0,
2026-01-31T18:49:54.645334+00:00,22.0141,0.17583483727634872,21.676,22.325,-4.5179216449011176e-05,0.030000000000001137,0.44878333333333337,0.016283009208647184,0.406,0.478,-0.00015184773548207838,-0.03400000000000003,12.124133333333333,0.7057692131442277,10.404,14.385,3.4398444012221655e-05,0.0,0.019283333333333333,0.010058316072893226,0.0,0.044,2.7090858571825505e-05,-0.013999999999999999,3.7479500000000003,0.005277073052365253,3.737,3.766,-1.63934426229595e-06,-0.009999999999999787,-0.4938086556640876,0,0,
2026-01-31T18:49:55.651066+00:00,22.008850000000006,0.18485839851086033,21.544,22.325,-0.0010787163100861284,-0.1739999999999995,0.4483500000000001,0.015948693781414624,0.406,0.478,-0.0001103917754931926,0.025000000000000022,12.141483333333333,0.6895218510355966,10.404,14.385,-0.002143901083634347,0.0,0.019433333333333334,0.010015598944757233,0.0,0.044,1.756043345373715e-05,0.005000000000000001,3.7479833333333334,0.005232882146155706,3.737,3.766,-2.4868018894137814e-05,0.0009999999999998899,-0.47499927715441487,0,0,
2026-01-31T18:49:56.654447+00:00,22.013416666666668,0.18151458083458633,21.544,22.325,-0.0015259516532370068,0.46999999999999886,0.44820000000000004,0.015984158824703085,0.406,0.478,-0.00012297860516810233,-0.008000000000000007,12.136050000000001,0.6893308693943715,10.404,14.385,-0.0020631008613503773,0.0,0.019466666666666667,0.010037374601402943,0.0,0.044,3.939983328702417e-05,0.005999999999999998,3.7481,0.005309425580983272,3.737,3.766,-1.3337038066129861e-05,0.0129999999999999,-0.49993906043599523,0,0,
2026-01-31T18:49:57.657386+00:00,22.016200000000005,0.181800971761246,21.544,22.325,-0.0014636287857738221,0.10300000000000153,0.44785,0.015863821523622028,0.406,0.478,-0.00010472353431508757,0.0030000000000000027,12.143116666666666,0.6857171450791905,10.404,14.385,-0.003235370936371216,0.0,0.019599999999999996,0.010070087718916189,0.0,0.044,4.762434009447069e-05,-0.0010000000000000009,3.7480666666666664,0.005303667494186306,3.737,3.766,-1.0280633509308168e-05,-0.006999999999999673,-0.4867622353064442,0,0,
2026-01-31T18:49:58.659948+00:00,22.008650000000003,0.1781905183597976,21.544,22.283,-0.0011766323978882995,-0.245000000000001,0.44776666666666676,0.015770612614043323,0.406,0.478,-4.5734926368435675e-05,0.020000000000000018,12.14325,0.6856885256198084,10.404,14.385,-0.0037261183662128383,0.0,0.020233333333333332,0.010012270249826238,0.0,0.044,4.4567935537649345e-05,0.012,3.748016666666666,0.005280440848599211,3.737,3.766,-2.0839121978329707e-06,0.0009999999999998899,-0.48689569345695,0,0,
2026-01-31T18:49:59.661599+00:00,22.010483333333333,0.1795479036976546,21.544,22.283,-0.0007350652959155307,0.3249999999999993,0.4477333333333334,0.01583336842101376,0.406,0.478,-0.00014492914698527372,-0.04600000000000004,12.143699999999999,0.6855854991659805,10.404,14.385,-0.004249513753820505,0.0,0.02018333333333333,0.010020797816984877,0.0,0.044,3.887190886357321e-05,-0.020999999999999998,3.7480499999999997,0.0052865395108709435,3.737,3.766,1.1392053348153231e-06,0.0009999999999998899,-0.5023078956589072,0,0,
2026-01-31T18:50:00.666653+00:00,22.015866666666668,0.18179232351474284,21.544,22.283,-0.00048391219783273026,0.053000000000000824,0.4473500000000001,0.015614976785125238,0.406,0.478,-0.00011505973881633787,0.028000000000000025,12.142016666666667,0.6858122311455876,10.404,14.385,-0.004557460405668239,0.0,0.02025,0.010026007846263304,0.0,0.044,4.1483745484856906e-05,0.005999999999999998,3.74805,0.0052865395108709435,3.737,3.766,-9.030286190608074e-06,-0.004999999999999893,-0.48833838692172893,0,0,
2026-01-31T18:50:01.667854+00:00,22.015683333333335,0.18180974411608303,21.544,22.283,-0.000541511530980827,-0.25700000000000145,0.44770000000000004,0.01579271984174987,0.406,0.478,-8.846901917199218e-05,0.02100000000000002,12.148633333333333,0.6824869709786082,10.404,14.385,-0.005703862183939982,0.0,0.02048333333333333,0.00982936360548784,0.0,0.044,1.3587107529869415e-05,-0.004,3.7481333333333335,0.0053866089105814256,3.737,3.766,1.2336760211169988e-05,0.01200000000000001,-0.49834153698097605,0,0,
2026-01-31T18:50:02.672098+00:00,22.01473333333333,0.18370037803142622,21.544,22.283,-0.0017542095026396188,-0.36999999999999744,0.4473333333333334,0.016374438073479724,0.406,0.478,-0.0001735482078355099,-0.05500000000000005,12.154399999999999,0.6797394402759536,10.404,14.385,-0.006785884968046678,0.0,0.020349999999999993,0.009835013980671303,0.0,0.044,1.2197832731314255e-05,-0.002999999999999999,3.7481000000000004,0.005368736660829344,3.737,3.766,2.195054181717124e-05,-0.007000000000000117,-0.5094388083020099,0,0,
2026-01-31T18:50:03.676929+00:00,22.020233333333334,0.18005696937975557,21.544,22.283,-0.002155932203389826,0.43900000000000006,0.44715,0.016304217245853913,0.406,0.478,-0.00015268130036121143,0.03700000000000003,12.167716666666667,0.6686674582497807,10.404,14.385,-0.008654931925534867,0.0,0.020349999999999993,0.009835013980671303,0.0,0.044,-1.230897471519866e-05,-0.003000000000000001,3.7481333333333335,0.005361799034735317,3.737,3.766,1.8227285357043726e-05,-0.0019999999999997797,-0.5124253347413187,1,0,
2026-01-31T18:50:04.678432+00:00,22.021333333333335,0.17955664534872803,21.544,22.283,-0.0024286190608502315,-0.08999999999999986,0.44688333333333335,0.01632083705642031,0.406,0.478,-0.00015607113086968602,-0.010000000000000009,12.1527,0.6621161101599428,10.404,14.385,-0.007687024173381493,0.0,0.02055,0.009682329265212994,0.0,0.044,-3.714920811336482e-05,0.006,3.7481500000000008,0.005390810081363745,3.737,3.766,4.943039733259263e-05,0.009999999999999787,-0.5183724944064428,1,0,
2026-01-31T18:50:05.683219+00:00,22.018349999999998,0.18105144986991958,21.544,22.283,-0.002729841622672963,-0.13200000000000145,0.4471666666666667,0.01670645251259392,0.406,0.478,-8.113364823562102e-05,0.03999999999999998,12.131916666666665,0.6468355352964323,10.404,14.385,-0.006082606279522087,0.0,0.020166666666666663,0.009189063547984032,0.0,0.041,3.3342595165323662e-06,0.0020000000000000018,3.748183333333334,0.005414461089424188,3.737,3.766,6.221172547929998e-05,-0.004999999999999893,-0.5166134763523055,1,1,unknown
2026-01-31T18:50:06.688834+00:00,22.024016666666665,0.17804741799744125,21.544,22.283,-0.003047207557654901,0.2560000000000002,0.4470666666666666,0.01664118051368018,0.406,0.478,-4.484579049736034e-05,-0.022999999999999965,12.129866666666665,0.647055419230498,10.404,14.385,-0.006313976104473464,0.0,0.02016666666666666,0.009189063547984032,0.0,0.041,3.278688524590165e-05,0.008,3.748133333333334,0.005383513928859281,3.737,3.766,7.335370936371244e-05,-0.0030000000000001137,-0.5198254993139326,1,1,unknown
2026-01-31T18:50:07.691911+00:00,22.01995,0.17493640987513148,21.544,22.283,-0.00259702695193109,-0.06099999999999994,0.44748333333333334,0.017067016597975045,0.406,0.478,1.2586829674909698e-05,0.021999999999999964,12.1224,0.645925104017486,10.404,14.385,-0.005987663239788829,0.0,0.020299999999999995,0.009185677256831238,0.0,0.041,3.200889135871075e-05,-0.005000000000000001,3.7482,0.00530659966456861,3.737,3.766,5.2792442345096796e-05,-0.005999999999999783,-0.4972148862263517,0,1,unknown
2026-01-31T18:50:08.697487+00:00,22.022466666666666,0.17424871751480858,21.544,22.283,-0.0027560989163656563,0.013999999999999346,0.44808333333333333,0.01707463193030982,0.406,0.478,1.3309252570158397e-05,-0.010999999999999954,12.140416666666665,0.6269036154430404,10.404,14.385,-0.0082279799944429,0.0,0.020699999999999996,0.00929390481265365,0.0,0.041,4.0344540150041684e-05,0.011000000000000003,3.7481000000000004,0.005328226721902855,3.737,3.766,4.895804390108486e-05,0.0,-0.5059840345172975,0,1,unknown
2026-01-31T18:50:09.700770+00:00,22.01615,0.18510508952124102,21.521,22.283,-0.0037857460405668238,-0.5279999999999987,0.4473666666666667,0.01678785936986078,0.406,0.478,3.589886079466516e-05,-0.03300000000000003,12.167016666666665,0.5851297432099045,10.485,14.385,-0.011401250347318696,0.0,0.020399999999999995,0.009471360338761623,0.0,0.041,2.1839399833287022e-05,-0.029000000000000005,3.748266666666667,0.005322488974989854,3.737,3.766,4.8346762989720504e-05,0.008999999999999897,-0.553999401715176,1,1,unknown
2026-01-31T18:50:10.704360+00:00,22.012116666666664,0.18203196529425508,21.521,22.283,-0.0033193942761878302,0.5120000000000005,0.44791666666666674,0.015942910301726253,0.411,0.478,-4.792998055015281e-05,0.006000000000000005,12.165183333333333,0.5854777391631175,10.485,14.385,-0.011771686579605442,0.0,0.020333333333333328,0.009516068282413465,0.0,0.041,6.112809113642745e-07,0.006,3.7483166666666667,0.005371193742756062,3.737,3.766,6.57126979716593e-05,0.0019999999999997797,-0.5450817442641068,1,1,unknown
2026-01-31T18:50:11.708662+00:00,22.01978333333333,0.17742717676713332,21.521,22.283,-0.0036793275909974958,0.10500000000000043,0.44878333333333337,0.016875121398740287,0.411,0.492,1.0919699916643487e-05,0.05299999999999999,12.150666666666666,0.5785544534056889,10.485,14.385,-0.01084617949430397,0.0,0.020216666666666664,0.00935252491160661,0.0,0.041,4.470686301750487e-05,0.018,3.7483166666666663,0.005371193742756062,3.737,3.766,4.465129202556303e-05,-0.0129999999999999,-0.5303185148000648,1,1,unknown
2026-01-31T18:50:12.710930+00:00,22.010449999999995,0.18128407036104044,21.521,22.283,-0.003926451792164485,-0.4770000000000003,0.44885,0.01688769275735045,0.411,0.492,2.1533759377604897e-05,-0.03799999999999998,12.134566666666666,0.569003437794731,10.485,14.385,-0.009711253125868293,0.0,0.01985,0.009470700431682267,0.0,0.041,3.459294248402335e-05,-0.024,3.7481166666666668,0.005416307680411861,3.737,3.766,4.059460961378224e-05,-0.0009999999999998899,-0.5211946831859707,1,1,unknown
2026-01-31T18:50:13.716234+00:00,22.01353333333333,0.18209031336735687,21.521,22.283,-0.0037680466796332257,0.49099999999999966,0.44930000000000003,0.017189434739591256,0.411,0.492,5.9627674353987206e-05,0.019999999999999962,12.1313,0.569203955830714,10.485,14.385,-0.009827729924979158,0.0,0.020050000000000002,0.009471756260940557,0.0,0.041,3.475965545984996e-05,0.019999999999999997,3.7481,0.005408943211632592,3.737,3.766,4.856904695748854e-05,0.008999999999999897,-0.5202755365059933,1,1,unknown
2026-01-31T18:50:14.721652+00:00,22.011083333333332,0.1803300947028963,21.521,22.283,-0.003333953876076683,-0.08300000000000196,0.44958333333333333,0.016874331262469507,0.411,0.492,-3.5287579883301345e-06,-0.034999999999999976,12.1168,0.5583257054205308,10.485,14.385,-0.008417504862461794,0.1120000000000001,0.01988333333333333,0.009364990953308795,0.0,0.041,5.4876354542928606e-05,-0.0049999999999999975,3.7479500000000003,0.005693344067124896,3.733,3.766,1.3475965545985385e-05,-0.016999999999999904,-0.5037160333838521,0,1,unknown
2026-01-31T18:50:15.724680+00:00,22.011233333333333,0.18036697468094193,21.521,22.283,-0.003186107252014449,-0.009000000000000341,0.4496333333333333,0.016939073830119,0.411,0.492,6.946373992775753e-05,0.033999999999999975,12.15865,0.5277119108314056,11.187,14.385,-0.009741956098916364,0.8840000000000003,0.019966666666666667,0.009396748846749544,0.0,0.041,6.679633231453182e-05,0.0049999999999999975,3.747866666666667,0.005713920623257594,3.733,3.766,8.780216726869396e-06,0.01100000000000012,-0.5176792946638489,1,1,unknown
2026-01-31T18:50:16.728213+00:00,22.008683333333334,0.17756655950813358,21.521,22.28,-0.0025307863295359824,0.07000000000000028,0.44933333333333336,0.01705351055420034,0.411,0.492,4.784662406223935e-05,-0.03899999999999998,12.152849999999997,0.5276102357169858,11.187,14.385,-0.009711114198388443,-1.0050000000000008,0.020133333333333333,0.009306747850648773,0.0,0.041,4.995832175604337e-05,-0.005999999999999998,3.747866666666667,0.005713920623257594,3.733,3.766,-1.4115031953319317e-05,-0.0030000000000001137,-0.5020959422209298,0,1,unknown
2026-01-31T18:50:17.732969+00:00,22.00473333333333,0.17797114622569826,21.521,22.28,-0.0025914976382328423,-0.259999999999998,0.4494333333333333,0.016974850678446503,0.411,0.492,3.2231175326478e-06,0.0050000000000000044,12.1335,0.4863784363367001,11.187,14.385,-0.0061090302861906065,0.652000000000001,0.019899999999999998,0.009052992138882408,0.0,0.041,8.324534592942483e-05,0.002999999999999999,3.7477833333333335,0.005718658545109606,3.733,3.766,-1.519866629619228e-05,0.0040000000000000036,-0.5069991421431345,0,1,unknown
2026-01-31T18:50:18.738642+00:00,22.008116666666663,0.17884491341817788,21.521,22.28,-0.002437871631008613,0.2839999999999989,0.44916666666666666,0.016646487784381294,0.411,0.492,7.224228952486784e-05,0.02300000000000002,12.102383333333334,0.4531559735774084,11.187,14.385,-0.004436704640177825,-0.9570000000000007,0.0201,0.008738230179313581,0.0,0.041,3.656571269797167e-05,-0.011,3.747733333333334,0.0057644504411859115,3.733,3.766,-3.273131425395791e-05,-0.0040000000000000036,-0.5016567252212732,0,1,unknown
2026-01-31T18:50:19.744349+00:00,22.011399999999995,0.18200661160152024,21.521,22.282,-0.0018585718255070837,0.1280000000000001,0.44938333333333336,0.016623368758735067,0.411,0.492,6.632397888302288e-05,-0.008000000000000007,12.122933333333332,0.4389122109133999,11.194,14.385,-0.005467518755209779,0.734,0.0203,0.008756521379330189,0.0,0.041,3.923312031119755e-05,0.015,3.7475333333333345,0.005610902086315694,3.733,3.766,-1.817171436510001e-05,0.004999999999999893,-0.504026164669868,0,1,unknown
2026-01-31T18:50:20.745604+00:00,22.008583333333327,0.18184391582404452,21.521,22.282,-0.0018235343150875226,-0.3460000000000001,0.44956666666666667,0.016788256477536782,0.411,0.492,0.00011642122811892173,0.01599999999999996,12.103916666666667,0.357695927274674,11.194,13.385,0.0002043067518755204,0.8239999999999998,0.019899999999999998,0.008576518330107308,0.0,0.041,5.2236732425673794e-05,-0.015,3.747633333333334,0.005706623831614895,3.733,3.766,-1.1114198388347464e-07,0.009999999999999787,-0.5117497519564542,0,0,
2026-01-31T18:50:21.749564+00:00,22.000899999999994,0.18227613667180895,21.521,22.282,-0.001857682689636007,-0.1720000000000006,0.44938333333333336,0.01702653974110875,0.411,0.492,4.315087524312287e-05,-0.04799999999999999,12.089433333333334,0.3644020840896617,11.194,13.385,-0.0003530980828007779,-1.7490000000000006,0.019716666666666664,0.008497238113384582,0.0,0.041,6.454570714087246e-05,0.005999999999999998,3.747866666666667,0.005837998134825135,3.733,3.766,1.0725201444847002e-05,0.002000000000000224,-0.5161693710248104,1,0,
2026-01-31T18:50:22.752876+00:00,22.00401666666666,0.18154012335814046,21.521,22.282,-0.002000916921367043,0.2890000000000015,0.44859999999999994,0.017003136965473953,0.411,0.492,4.484579049736009e-05,0.0040000000000000036,12.081133333333334,0.3779592335453947,11.194,13.385,-0.002374604056682411,-0.2649999999999988,0.020133333333333333,0.008718690013732313,0.0,0.041,7.979994442900805e-05,0.019,3.7478666666666673,0.005837998134825135,3.733,3.766,1.166990830787805e-06,-0.0129999999999999,-0.5095096126334487,0,0,
2026-01-31T18:50:23.757814+00:00,22.001899999999996,0.18009392919622053,21.521,22.282,-0.0015889969435954397,0.00999999999999801,0.4479166666666667,0.017033586103799625,0.411,0.492,4.231731036398971e-05,0.0010000000000000009,12.063983333333335,0.3926938795748611,11.194,13.385,-0.003478438455126423,-0.0030000000000001137,0.020083333333333335,0.00873363549095615,0.0,0.041,7.110308419005278e-05,-0.020999999999999998,3.7477000000000005,0.005972994782072575,3.733,3.766,-1.4781883856625102e-05,-0.007000000000000117,-0.5066521756047535,0,0,
2026-01-31T18:50:24.761186+00:00,21.999333333333333,0.1776923996373757,21.521,22.282,-0.0010308974715198596,0.028000000000002245,0.4474166666666667,0.017170023943554137,0.411,0.492,2.6757432620172004e-05,0.0010000000000000009,12.052716666666665,0.38250120224938144,11.194,13.385,-0.002309280355654348,0.8439999999999994,0.02038333333333333,0.008725616819966876,0.0,0.041,7.03250903028619e-05,0.013000000000000001,3.74765,0.0059911740641268455,3.733,3.766,-2.203389830508292e-05,0.006000000000000227,-0.5010108127880438,0,0,
2026-01-31T18:50:25.764491+00:00,21.99666666666667,0.1799145784964507,21.521,22.282,-0.001527702139483188,-0.32200000000000273,0.44756666666666667,0.017291969876859672,0.411,0.492,7.346485134759637e-05,0.038000000000000034,12.049433333333333,0.3874357738888974,11.194,13.385,-0.004238399555432063,-0.6969999999999992,0.020383333333333326,0.008725616819966878,0.0,0.041,4.5707140872464574e-05,-0.016,3.747666666666667,0.006004627844883904,3.733,3.766,-5.890525145872316e-06,0.008999999999999897,-0.5143302520165468,1,0,
2026-01-31T18:50:26.767862+00:00,21.9952,0.1799710902710024,21.521,22.282,-0.0015508196721311432,0.17600000000000193,0.4481666666666667,0.01767405505882061,0.411,0.492,0.00011058627396499005,0.010999999999999954,12.018566666666667,0.4137119113049025,10.767,13.385,-0.005375382050569602,-0.6070000000000011,0.02018333333333333,0.008980519039689312,0.0,0.041,8.085579327590997e-06,-0.009999999999999998,3.7476833333333337,0.00601246390610553,3.733,3.766,3.528757988331332e-06,-0.002000000000000224,-0.4823221001300606,0,0,
2026-01-31T18:50:27.770871+00:00,21.99568333333333,0.17998198906804216,21.521,22.282,-0.0015372881355932178,0.06899999999999906,0.4483166666666668,0.017786222820549123,0.411,0.492,0.0001547929980550151,-0.010999999999999954,12.022716666666668,0.41931011163841764,10.767,13.385,-0.0035020005557099185,1.9400000000000013,0.020249999999999994,0.008986332214350117,0.0,0.041,1.0697415948874678e-05,0.02,3.7477000000000005,0.006020243627406856,3.733,3.766,1.2892470130592779e-05,0.0,-0.49124444734668193,0,0,
2026-01-31T18:50:28.776509+00:00,21.993316666666665,0.18023822122094096,21.521,22.282,-0.0016023061961656002,-0.10999999999999943,0.4485833333333334,0.017988229176016435,0.411,0.492,0.0001999722145040287,0.003999999999999948,11.99855,0.3800459369164031,10.767,13.244,-0.0013368435676576814,-0.7720000000000002,0.020099999999999996,0.008913846906171693,0.0,0.041,2.5118088357877187e-05,-0.002999999999999999,3.747733333333333,0.006016274225428482,3.733,3.766,1.0502917477078166e-05,-0.0029999999999996696,-0.4848216051989596,0,0,
2026-01-31T18:50:29.777981+00:00,21.989349999999998,0.17991514898232805,21.521,22.282,-0.0015534037232564583,-0.01699999999999946,0.4486833333333334,0.018090044837485126,0.411,0.492,0.00026121144762433985,0.0,11.989616666666667,0.36854398614306844,10.767,13.244,0.0002699916643512095,0.2729999999999997,0.02041666666666666,0.00852308955458967,0.0,0.041,-1.0752986940816896e-05,-0.0010000000000000009,3.7476833333333337,0.0059930283570903,3.733,3.766,1.9811058627397388e-05,0.0009999999999998899,-0.49743202272315723,0,0,
2026-01-31T18:50:30.783747+00:00,21.98473333333333,0.17721445263358793,21.521,22.282,-0.0012051125312586813,0.06599999999999895,0.4483166666666667,0.01824142873303027,0.411,0.492,0.00023620450125034717,-0.03999999999999998,11.982816666666666,0.36439157013971785,10.767,13.244,0.0010161433731592112,-0.20199999999999996,0.020599999999999997,0.008479779871356724,0.0,0.041,-1.744929146985274e-05,0.005000000000000001,3.747583333333333,0.006069848066925159,3.733,3.766,4.362322867464282e-06,-0.008999999999999897,-0.5051359402426499,0,0,
2026-01-31T18:50:31.787330+00:00,21.974216666666667,0.17810091630558453,21.521,22.282,-0.0012550430675187503,-0.3039999999999985,0.44956666666666667,0.018685436991292326,0.411,0.493,0.00025807168657960525,0.063,12.009949999999998,0.42627332487501496,10.767,13.712,0.0040223673242567376,1.7059999999999995,0.020333333333333328,0.008207043045796432,0.0,0.041,1.1003056404556828e-05,-0.002999999999999999,3.7474833333333333,0.0061114419102386765,3.733,3.766,-4.084467907750839e-06,0.0019999999999997797,-0.5112818822819488,0,0,
2026-01-31T18:50:32.792976+00:00,21.968133333333338,0.18144002376053125,21.521,22.282,-0.0015840511253125801,0.04100000000000037,0.4499333333333333,0.019117066255631962,0.411,0.493,0.00033225896082245045,-0.010000000000000009,12.029566666666666,0.43301887436410386,10.767,13.712,0.0045149763823284245,-0.9559999999999995,0.020099999999999996,0.008547319267856249,0.0,0.041,-2.973048068908029e-05,-0.02,3.747716666666667,0.00597241343363148,3.733,3.766,-1.6087802167267517e-05,0.008999999999999897,-0.5024424031049896,0,0,
2026-01-31T18:50:33.798592+00:00,21.9654,0.18148169788346866,21.521,22.282,-0.001593275909974985,0.19200000000000017,0.45051666666666673,0.019577616186746423,0.411,0.493,0.0003831897749374824,0.0,12.033833333333332,0.42596858908714025,10.767,13.712,0.002148652403445402,-1.306000000000001,0.019799999999999995,0.00861548992609629,0.0,0.041,-3.623228674631843e-05,0.008,3.7477333333333336,0.005971785513748946,3.733,3.766,-1.6838010558487255e-05,-0.0029999999999996696,-0.5033071581424762,0,0,
2026-01-31T18:50:34.803404+00:00,21.964883333333336,0.18093323738022493,21.521,22.282,-0.0009519033064740166,0.259999999999998,0.4514833333333333,0.019871664639771768,0.411,0.493,0.00040319533203667655,0.0030000000000000027,12.0277,0.42904977566711305,10.767,13.712,0.0014325646012781329,0.18200000000000038,0.01976666666666666,0.008630115230336667,0.0,0.041,-4.8846901917199216e-05,0.006,3.747616666666666,0.00601412688777197,3.733,3.766,-2.4090025006945124e-05,-0.006000000000000227,-0.49859122625804286,0,0,
2026-01-31T18:50:35.808604+00:00,21.965,0.1810431808528928,21.521,22.282,-0.0003832175604334487,-0.0030000000000001137,0.4520666666666667,0.019656946750590633,0.411,0.493,0.00037893859405390356,-0.023999999999999966,12.016766666666667,0.43788371236614365,10.767,13.712,0.0002647957766046118,-0.28800000000000026,0.020083333333333325,0.008903728931682998,0.0,0.041,-2.3589886079466518e-05,0.022,3.747516666666667,0.006040120491807686,3.733,3.766,-2.9313698249512645e-05,0.0009999999999998899,-0.49762748633574416,0,0,
2026-01-31T18:50:36.810702+00:00,21.96101666666667,0.17864018693700703,21.521,22.282,-2.147818838565675e-05,-0.1869999999999976,0.4525166666666667,0.01940832438814736,0.411,0.493,0.0003429563767713251,-0.007000000000000006,12.008016666666666,0.4433427000890195,10.767,13.712,-0.0006517643789941656,0.13100000000000023,0.020199999999999992,0.008973665174646683,0.0,0.041,-5.723812170047246e-06,-0.007999999999999997,3.7476499999999997,0.005938083304681137,3.733,3.766,-4.459572103361986e-05,0.0040000000000000036,-0.489286684511183,0,0,
2026-01-31T18:50:37.812516+00:00,21.962449999999997,0.1795626561955462,21.521,22.282,0.0003628507918866406,0.16799999999999926,0.45283333333333337,0.019192156962907762,0.411,0.493,0.00029902750764101114,-0.006000000000000005,11.995316666666668,0.45417230546958237,10.767,13.712,-0.0019276743539872207,-0.2370000000000001,0.020516666666666662,0.008943324636596592,0.0,0.041,-8.585718255070849e-06,0.0,3.7477833333333326,0.005899411458404564,3.733,3.766,-5.0319533203667224e-05,0.0030000000000001137,-0.485374320913986,0,0,
2026-01-31T18:50:38.816942+00:00,21.953866666666663,0.19175213746454597,21.437,22.282,-0.0005162545151430853,-0.6829999999999998,0.4529166666666667,0.01916880422863032,0.411,0.493,0.00028110586273964966,0.0010000000000000009,11.966166666666668,0.5060959120781577,10.251,13.712,-0.004779272020005559,-0.9870000000000001,0.020766666666666662,0.008883255159130701,0.0,0.041,-1.5726590719644344e-05,-0.0030000000000000027,3.7479333333333336,0.005813394495091067,3.733,3.766,-6.151708808002135e-05,-0.0009999999999998899,-0.49464934556383316,0,0,
2026-01-31T18:50:39.820512+00:00,21.94468333333333,0.19029910594173097,21.437,22.282,-0.0004154765212558956,0.26699999999999946,0.4530666666666667,0.01920405049867229,0.411,0.493,0.0002961378160600165,0.01200000000000001,11.97,0.5072074854862982,10.251,13.712,-0.004289413726035011,1.979000000000001,0.020349999999999997,0.008502597642289483,0.0,0.038,1.0752986940816898e-05,-0.009999999999999998,3.7478500000000006,0.005804667662034258,3.733,3.766,-5.948874687413113e-05,-0.0030000000000001137,-0.49404691625734976,0,0,
2026-01-31T18:50:40.825384+00:00,21.947649999999996,0.189499764731604,21.437,22.282,-0.0005860794665184644,0.28000000000000114,0.45265,0.019124874727258562,0.411,0.493,0.00030828007779938854,-0.018000000000000016,11.991850000000001,0.5354795615458479,10.251,13.712,-0.0020402056126701883,1.0809999999999995,0.020016666666666665,0.008892865429970002,0.0,0.038,-2.320088913587107e-05,-0.016,3.747833333333333,0.005819984726974959,3.733,3.766,-7.729924979160855e-05,-0.0040000000000000036,-0.4928309185857117,0,0,
2026-01-31T18:50:41.827739+00:00,21.944499999999998,0.1901399046316508,21.437,22.282,-0.0007146985273687049,-0.17100000000000293,0.45261666666666667,0.01914165759686333,0.411,0.493,0.00027616004445679335,-0.0020000000000000018,11.975816666666669,0.5492212818062397,10.251,13.712,-0.0035900805779383173,-2.2729999999999997,0.020366666666666665,0.008502875330668378,0.0,0.038,-5.551542095026395e-05,0.021,3.747783333333333,0.005865411797611071,3.733,3.766,-9.49986107252008e-05,-0.0009999999999998899,-0.5136608287520004,1,0,
2026-01-31T18:50:42.831410+00:00,21.946166666666667,0.19077579918730653,21.437,22.282,-0.0004724090025006842,0.25500000000000256,0.45265000000000005,0.019140554676741566,0.411,0.493,0.0002740483467629896,0.01100000000000001,11.99156666666667,0.5630643647833603,10.251,13.712,-0.0019602667407613234,1.907,0.020266666666666662,0.008553491814587902,0.0,0.038,-6.990830786329536e-05,-0.008000000000000002,3.7476000000000003,0.0057451428760881326,3.733,3.766,-8.230063906640661e-05,0.004999999999999893,-0.5018192999550115,0,0,
2026-01-31T18:50:43.836637+00:00,21.94791666666667,0.1911923369861412,21.437,22.282,-0.0003208391219783125,-0.022999999999999687,0.4525666666666667,0.019180169156941474,0.411,0.493,0.00024367879966657395,-0.01200000000000001,11.979566666666669,0.5703815204658098,10.251,13.712,-0.0031124756876910265,-1.665000000000001,0.02041666666666666,0.008556268007853788,0.0,0.038,-6.938038343984439e-05,0.012000000000000002,3.7475833333333335,0.005722154800034261,3.733,3.766,-5.5932203389830456e-05,0.008999999999999897,-0.4939434552525414,0,0,
2026-01-31T18:50:44.838411+00:00,21.95016666666667,0.19268646092090166,21.437,22.282,0.00010414003889970643,0.09899999999999665,0.4526833333333334,0.01916723912188596,0.411,0.493,0.00023659349819394265,0.013000000000000012,11.972199999999999,0.5729186911479384,10.251,13.712,-0.0037689358155043096,0.27800000000000047,0.02031666666666666,0.008537157346304187,0.0,0.038,-6.393442622950819e-05,-0.006000000000000002,3.7476833333333333,0.005675948281026569,3.733,3.766,-6.47124201166988e-05,-0.006999999999999673,-0.483219839954971,0,0,
2026-01-31T18:50:45.843358+00:00,21.953466666666667,0.18963407452834563,21.437,22.282,-0.00048541261461516405,-0.2699999999999996,0.45241666666666663,0.019133122821141584,0.411,0.493,0.00024476243400944696,-0.007000000000000006,11.967566666666666,0.5737985815791307,10.251,13.712,-0.004131981105862743,0.1639999999999997,0.02023333333333333,0.008544718966836898,0.0,0.038,-6.651847735482078e-05,-0.0019999999999999983,3.7476999999999996,0.005672448031200131,3.733,3.766,-6.868574604056687e-05,-0.001000000000000334,-0.48436699841182385,0,0,
2026-01-31T18:50:46.843949+00:00,21.955666666666673,0.190079427842386,21.437,22.282,-0.0003572659071964361,0.18500000000000227,0.4527,0.019206162205570032,0.411,0.493,0.00026123923312031117,0.019000000000000017,11.938266666666664,0.6148130845134063,10.242,13.712,-0.006905807168657962,-1.4799999999999986,0.020249999999999994,0.008547173021921732,0.0,0.038,-6.23228674631842e-05,0.0049999999999999975,3.7476833333333333,0.005684750556435041,3.733,3.766,-8.266185051403167e-05,-0.0040000000000000036,-0.4974953495558219,0,0,
2026-01-31T18:50:47.849484+00:00,21.95403333333333,0.1908328209600106,21.437,22.282,-0.0006501806057238025,-0.24099999999999966,0.4531,0.019394758742161934,0.411,0.493,0.00029158099472075574,0.007999999999999952,11.927383333333331,0.6193866076387367,10.242,13.712,-0.00777046401778272,1.1049999999999986,0.020099999999999996,0.00857651833010731,0.0,0.038,-6.790775215337593e-05,-0.007999999999999998,3.7476,0.005686826883245138,3.733,3.766,-8.313420394554035e-05,0.002000000000000224,-0.5042038593602315,0,0,
2026-01-31T18:50:48.855252+00:00,21.954400000000003,0.1909265303722872,21.437,22.282,-0.00048752431230896523,0.19599999999999795,0.45328333333333337,0.019491957030757297,0.411,0.493,0.0003259516532370102,-0.0050000000000000044,11.912666666666665,0.6279177140004537,10.242,13.712,-0.008975882189497082,-0.22999999999999865,0.019849999999999996,0.00856120123970151,0.0,0.038,-6.615726590719642e-05,-0.0010000000000000009,3.747616666666667,0.005686509376488225,3.733,3.766,-8.349541539316465e-05,0.0030000000000001137,-0.5067607108749611,0,0,
2026-01-31T18:50:49.861388+00:00,21.956766666666663,0.190236288745222,21.437,22.282,-0.0006728535704362221,-0.04299999999999926,0.4533666666666667,0.019454191207951967,0.411,0.493,0.0002965268130036121,-0.021999999999999964,11.899049999999999,0.6346981021188999,10.242,13.712,-0.010024034454015002,0.06599999999999895,0.0197,0.008824775728972757,0.0,0.038,-0.00011708808002222839,-0.013,3.7474499999999997,0.005760280664458366,3.733,3.766,-9.194220616837977e-05,-0.008000000000000007,-0.517725011728705,1,0,
2026-01-31T18:50:50.866648+00:00,21.952433333333335,0.19267168678580884,21.437,22.282,-0.0010316198944151072,-0.25400000000000134,0.4537666666666667,0.019318701359621,0.411,0.493,0.00027463184217838287,0.01200000000000001,11.894449999999999,0.6349499041919239,10.242,13.712,-0.010139899972214504,0.5410000000000004,0.019366666666666664,0.008807130949154529,0.0,0.038,-0.00011553209224784661,0.01,3.7471,0.0052367292591209,3.733,3.758,-6.451792164490097e-05,0.004999999999999893,-0.5100968312450942,0,0,
2026-01-31T18:50:51.871913+00:00,21.9445,0.1912859552258519,21.437,22.282,-0.000919811058627391,0.027000000000001023,0.45375,0.01930943206483988,0.411,0.493,0.0003104473464851348,0.0050000000000000044,11.894866666666667,0.6350272295124221,10.242,13.712,-0.009746985273687133,0.30100000000000016,0.019249999999999996,0.008883739828097923,0.0,0.038,-0.00013489858293970548,0.0,3.747116666666666,0.00523797564798544,3.733,3.758,-6.321200333425912e-05,0.0030000000000001137,-0.5074519049939837,0,0,
2026-01-31T18:50:52.874535+00:00,21.943633333333334,0.19030965702127547,21.437,22.282,-0.0002031675465407045,0.38899999999999935,0.4545833333333333,0.018997624120458387,0.411,0.493,0.00028655181994998607,0.007999999999999952,11.902283333333335,0.6387992405460594,10.242,13.712,-0.008666935259794386,0.41999999999999993,0.019383333333333332,0.008818714317984352,0.0,0.038,-0.00014929146985273684,0.009,3.74695,0.005239036170900107,3.733,3.758,-6.332314531814408e-05,-0.006000000000000227,-0.5172817266415486,1,0,
2026-01-31T18:50:53.880127+00:00,21.948883333333335,0.18750947457543443,21.437,22.282,-0.0005391219783273141,-0.129999999999999,0.4545333333333333,0.018995145578688137,0.411,0.493,0.00028969158099472083,-0.01799999999999996,11.890816666666668,0.6431027002396706,10.242,13.712,-0.009468991386496248,-1.133000000000001,0.01948333333333333,0.008971234895796428,0.0,0.038,-0.00010405668241178105,0.016999999999999998,3.7466666666666666,0.005467073155618882,3.733,3.758,-7.768824673520477e-05,-0.008000000000000007,-0.515623444054641,1,1,unknown
2026-01-31T18:50:54.883165+00:00,21.957449999999998,0.18850432576822546,21.437,22.282,-0.0004663239788830256,0.2289999999999992,0.45515,0.018556961856223485,0.411,0.493,0.00024520700194498475,0.006000000000000005,11.904033333333333,0.653278882935067,10.242,13.712,-0.007804945818282859,1.4809999999999999,0.019566666666666666,0.008961708666444265,0.0,0.038,-0.00010747429841622673,-0.014999999999999996,3.7466666666666666,0.005467073155618882,3.733,3.758,-9.65823839955547e-05,0.007000000000000117,-0.5083063251720918,0,1,unknown
2026-01-31T18:50:55.887407+00:00,21.964033333333337,0.18068535881163372,21.437,22.282,-0.0011973325923867763,-0.29299999999999926,0.45551666666666674,0.01862927057676232,0.411,0.493,0.0002574326201722701,0.009999999999999953,11.916383333333334,0.6619233362373287,10.242,13.712,-0.006270213948318979,-0.0519999999999996,0.01948333333333333,0.008971234895796428,0.0,0.038,-0.00011089191442067238,-0.005000000000000001,3.7467333333333337,0.005434049032617261,3.733,3.758,-0.0001055848846901923,0.004999999999999893,-0.5079508917254887,0,1,unknown
2026-01-31T18:50:56.893023+00:00,21.959966666666666,0.18225403211512814,21.437,22.282,-0.0014307307585440447,-0.16900000000000048,0.45555,0.0186032479243097,0.411,0.493,0.00020897471519866636,-0.02799999999999997,11.919666666666666,0.6628179404800554,10.242,13.712,-0.005668463462072802,-0.5440000000000005,0.01923333333333333,0.008967286223948816,0.0,0.038,-0.00011041956098916364,-0.004,3.7466833333333343,0.005371193742756066,3.733,3.758,-8.293970547374402e-05,0.005999999999999783,-0.49884246831483203,0,1,unknown
2026-01-31T18:50:57.898006+00:00,21.956733333333332,0.18115700986222466,21.437,22.282,-0.0012251736593498258,0.1529999999999987,0.45635,0.019072515128669663,0.411,0.493,0.000245818282856349,0.04899999999999999,11.906216666666667,0.6692084152605642,10.242,13.712,-0.0067235621005835,-1.0039999999999996,0.0195,0.009392372792147182,0.0,0.042,-6.162823006390665e-05,0.030000000000000002,3.746600000000001,0.005388877434122964,3.733,3.758,-8.674631842178515e-05,-0.008999999999999897,-0.5176666165819828,1,1,unknown
2026-01-31T18:50:58.899920+00:00,21.955683333333337,0.18182642745822775,21.437,22.282,-0.001610975270908591,-0.11399999999999721,0.4563833333333333,0.019085851362258436,0.411,0.493,0.00027126979716587957,-0.025999999999999968,11.910066666666665,0.6704002999866738,10.242,13.712,-0.006032175604334542,1.0380000000000003,0.019333333333333334,0.009148163142887696,0.0,0.042,-1.6337871631008618e-05,-0.014000000000000002,3.7464999999999997,0.005399073994677209,3.733,3.758,-8.858016115587812e-05,0.0,-0.49376646544868613,0,1,unknown
2026-01-31T18:50:59.901580+00:00,21.95678333333333,0.1834751655916649,21.437,22.282,-0.0006981661572659118,0.4540000000000006,0.45698333333333335,0.01839156660598064,0.411,0.493,0.00019897193664906928,-0.01200000000000001,11.929116666666665,0.688675736266512,10.242,13.712,-0.003858544040011118,0.9120000000000008,0.01991666666666667,0.010052017486830966,0.0,0.052,3.325923867741038e-05,0.023999999999999997,3.7464000000000004,0.005388877434122965,3.733,3.758,-8.674631842178511e-05,0.001000000000000334,-0.4901297821547563,0,1,unknown
2026-01-31T18:51:00.904464+00:00,21.955166666666667,0.18129884782375802,21.437,22.282,0.00012047791053069562,-0.11000000000000298,0.4578333333333333,0.01898698384566531,0.411,0.496,0.00024262295081967227,0.04299999999999998,11.942,0.6970606382039753,10.242,13.712,-0.002354987496526816,-0.370000000000001,0.019900000000000004,0.010047719475914256,0.0,0.052,4.190052792442346e-05,-0.03,3.74645,0.005389573266966478,3.733,3.758,-8.64962489580448e-05,0.0040000000000000036,-0.5051878854535657,0,1,unknown
2026-01-31T18:51:01.909932+00:00,21.951633333333334,0.18258833174353953,21.437,22.282,-0.00010091692136705866,-0.3719999999999999,0.45740000000000003,0.01909205768550542,0.411,0.496,0.00022722978605168115,-0.055999999999999994,11.946133333333336,0.6981267665848534,10.242,13.712,-0.0017550430675187594,-0.5250000000000004,0.02,0.010068101443006355,0.0,0.052,4.873575993331481e-05,0.0030000000000000027,3.7462666666666666,0.0052117388866118304,3.733,3.758,-6.935259794387418e-05,-0.002000000000000224,-0.4906552216052734,0,1,unknown
2026-01-31T18:51:02.915457+00:00,21.95903333333333,0.17806056709882603,21.437,22.282,-0.00046879688802446186,0.28600000000000136,0.45794999999999997,0.01820203743174556,0.422,0.496,0.00012661850514031692,0.0040000000000000036,11.934233333333335,0.703174192896437,10.242,13.712,-0.002745929424840238,-0.9619999999999997,0.020266666666666665,0.010169999453731003,0.0,0.052,6.162823006390665e-05,0.006999999999999999,3.7462999999999997,0.005241819022693012,3.733,3.758,-5.3626007224230353e-05,0.005999999999999783,-0.4854471453583585,0,0,
2026-01-31T18:51:03.920824+00:00,21.959533333333336,0.17839081316654784,21.437,22.282,-7.629897193666028e-05,0.02499999999999858,0.45725,0.019343065079419717,0.406,0.496,2.459016393442642e-05,-0.03799999999999998,11.931816666666666,0.7031931809412135,10.242,13.712,-0.0027643512086690785,0.5690000000000008,0.020516666666666666,0.010172662166589214,0.0,0.052,6.198944151153098e-05,-0.004,3.746366666666667,0.00528824692649229,3.733,3.758,-4.140038899694514e-05,0.0,-0.4614734487949025,0,0,
2026-01-31T18:51:04.926472+00:00,21.963250000000002,0.18091698142149795,21.437,22.282,0.00033084190052791565,0.10300000000000153,0.45721666666666666,0.019377901216477374,0.406,0.496,-4.287302028341184e-05,0.02999999999999997,11.939266666666667,0.7062373743217565,10.242,13.712,-0.0018042233953876128,0.5919999999999987,0.020516666666666662,0.010172662166589214,0.0,0.052,5.69324812447902e-05,-0.009000000000000001,3.7461500000000005,0.005068941375343207,3.733,3.758,-2.392331203112124e-05,-0.006999999999999673,-0.4650910495763434,0,0,
2026-01-31T18:51:05.932191+00:00,21.965400000000002,0.18020462443196797,21.437,22.282,0.00013136982495136793,-0.2259999999999991,0.4572833333333333,0.01945601163879403,0.406,0.496,3.29813837176995e-05,0.045999999999999985,11.930833333333334,0.7084793614182108,10.242,13.712,-0.002431230897471525,-0.9529999999999994,0.020383333333333326,0.010217781342128807,0.0,0.052,4.542928591275354e-05,-0.006,3.745916666666667,0.005070475542019885,3.733,3.758,-2.4034454015005788e-05,-0.006000000000000227,-0.4716932138531809,0,0,
2026-01-31T18:51:06.932979+00:00,21.9597,0.18138846894625527,21.437,22.282,6.168380105579393e-06,-0.21499999999999986,0.4572833333333333,0.019456011638794027,0.406,0.496,2.536815782161732e-05,-0.02699999999999997,11.958183333333332,0.7415252859628068,10.242,13.712,0.0004895526535148597,2.1470000000000002,0.020083333333333328,0.010224629849317556,0.0,0.052,4.465129202556264e-05,-0.002,3.745833333333334,0.005043697937911084,3.733,3.758,-1.861628230064063e-05,0.006000000000000227,-0.4638762889864861,0,0,
2026-01-31T18:51:07.938637+00:00,21.959366666666668,0.1812681224656508,21.437,22.282,0.0002244512364545659,0.26099999999999923,0.45715,0.019347545063909267,0.406,0.496,7.799388719088647e-05,0.013999999999999957,11.974383333333332,0.7527938427765082,10.242,13.712,0.002222422895248674,-0.6690000000000005,0.020016666666666662,0.010211907537554165,0.0,0.052,5.115309808280077e-05,0.009000000000000001,3.7459333333333333,0.00506578939773673,3.733,3.758,-1.4893025840512574e-05,0.004999999999999893,-0.4617304385452922,0,0,
2026-01-31T18:51:08.944335+00:00,21.957800000000002,0.18089249109162406,21.437,22.282,0.0003692136704640089,-0.060000000000002274,0.45673333333333327,0.019421522997838128,0.406,0.496,6.651847735482093e-05,-0.02799999999999997,11.977483333333334,0.7532757682652188,10.242,13.712,0.002612753542650731,-0.7859999999999996,0.019833333333333328,0.010038536856645106,0.0,0.052,8.307863295359822e-05,0.004,3.7458833333333335,0.005099319126663402,3.733,3.758,-2.625729369269331e-05,-0.008999999999999897,-0.46155591711457317,0,0,
2026-01-31T18:51:09.949668+00:00,21.967566666666666,0.17267834902564416,21.437,22.282,-0.00012653514865241248,0.15200000000000102,0.4561666666666666,0.020567909200715776,0.399,0.496,-6.835232008891342e-05,-0.04199999999999998,11.9698,0.7553551217804775,10.242,13.712,0.0019320922478466196,-0.6470000000000002,0.02018333333333333,0.009915462111716674,0.0,0.052,7.138093914976381e-05,0.002999999999999999,3.745733333333334,0.005019517462421579,3.733,3.758,-1.7282578494026572e-05,0.0030000000000001137,-0.46376921154730305,0,0,
2026-01-31T18:51:10.954527+00:00,21.965333333333334,0.17268416899710923,21.437,22.282,-0.00012803556543484877,-0.2079999999999984,0.4567333333333333,0.020555507507451345,0.399,0.496,-6.985273687135302e-05,0.07399999999999995,11.962783333333332,0.7569955986588621,10.242,13.712,0.001342622950819668,0.040000000000000924,0.02041666666666667,0.009884822821994444,0.0,0.052,6.704640177827174e-05,-0.0010000000000000009,3.745533333333334,0.004883532419149949,3.733,3.758,-6.057238121701409e-06,-0.001000000000000334,-0.48145900817377446,0,0,
2026-01-31T18:51:11.960199+00:00,21.964650000000002,0.17207961577905334,21.437,22.282,0.00038046679633231344,0.1980000000000004,0.4562333333333333,0.02005024244796611,0.399,0.496,-1.4448457904972134e-06,-0.010999999999999954,11.9529,0.760309031469003,10.242,13.712,0.0004945818282856309,-0.1720000000000006,0.020416666666666663,0.009884822821994444,0.0,0.052,9.899972214504029e-05,0.004,3.7455000000000003,0.004914264950122208,3.733,3.758,-2.111697693803905e-05,-0.0029999999999996696,-0.4583333173468142,0,0,
2026-01-31T18:51:12.964420+00:00,21.96606666666667,0.1699101592672498,21.437,22.282,-0.0004926368435676588,-0.35100000000000264,0.45585,0.020307490407893005,0.399,0.496,-4.659627674353969e-05,-0.031000000000000028,11.958816666666667,0.7620318779785762,10.242,13.712,0.0012335926646290592,0.9480000000000004,0.020966666666666668,0.009984933093861417,0.0,0.052,0.00010502917477076965,0.009000000000000001,3.7455333333333334,0.004890353316024846,3.733,3.758,-3.284245623784469e-05,0.0029999999999996696,-0.4738648696649985,0,0,
2026-01-31T18:51:13.969217+00:00,21.96316666666667,0.1681881056700766,21.437,22.282,-0.000157932759099747,0.23200000000000287,0.45538333333333336,0.02020651022704206,0.399,0.496,-3.19811058627395e-05,0.015000000000000013,11.976966666666668,0.7756439038344564,10.242,13.712,0.003156154487357597,0.734,0.02081666666666666,0.009975790138574935,0.0,0.052,0.00010705751597666019,-0.022,3.745566666666667,0.00492736125009,3.733,3.758,-1.4670741872743747e-05,0.008999999999999897,-0.4809268068348035,0,0,
2026-01-31T18:51:14.974914+00:00,21.96036666666667,0.16780087074333733,21.437,22.282,-8.046679633231366e-05,-0.07700000000000173,0.4557,0.020095853635348094,0.399,0.496,-5.54598499583216e-05,0.01200000000000001,11.97525,0.7754571044444261,10.242,13.712,0.0034375382050569584,-1.08,0.02081666666666666,0.009975790138574933,0.0,0.052,0.00010766879688802445,0.004,3.7457333333333334,0.004661425628376852,3.734,3.758,-4.0177827174216504e-05,-0.008999999999999897,-0.4724046152467626,0,0,
2026-01-31T18:51:15.976332+00:00,21.959433333333337,0.16739935948370752,21.437,22.282,0.00015993331480967002,0.10300000000000153,0.45541666666666664,0.019969386292244654,0.399,0.496,-2.5646012781327972e-05,-0.0020000000000000018,11.95621666666667,0.764101413244487,10.242,13.712,0.004968852459016392,-0.15500000000000114,0.02061666666666666,0.009990147924608301,0.0,0.052,0.0001052792442345096,-0.007000000000000001,3.745816666666667,0.004674368644236555,3.734,3.758,-3.776048902473008e-05,0.006000000000000227,-0.4683447272593647,0,0,
2026-01-31T18:51:16.980056+00:00,21.953866666666666,0.1671880644331074,21.437,22.282,0.00018110586273964753,-0.20800000000000196,0.4566166666666666,0.02079270037510493,0.399,0.506,2.0978049458182983e-05,0.04999999999999999,11.957183333333337,0.7641814900416146,10.242,13.712,0.00517991108641289,0.19500000000000028,0.020583333333333332,0.009995485091891349,0.0,0.052,9.994442900805779e-05,0.003999999999999998,3.745966666666667,0.0046617831590735626,3.734,3.758,-3.906640733537183e-05,0.0009999999999998899,-0.4761749230312384,0,0,
2026-01-31T18:51:17.983696+00:00,21.956433333333333,0.1670628989998145,21.437,22.282,0.00015393164767991155,0.22800000000000153,0.4563499999999999,0.021116995524932042,0.399,0.506,-6.398999722145026e-05,-0.08300000000000002,11.947266666666668,0.7590608641970389,10.242,13.712,0.006491191997777158,-0.0009999999999994458,0.020666666666666663,0.010036046144883064,0.0,0.052,0.00011619894415115311,0.010000000000000002,3.74615,0.004833304597615686,3.734,3.758,-2.425673798277413e-05,0.005999999999999783,-0.4947208351128031,0,0,
2026-01-31T18:51:18.989397+00:00,21.955049999999996,0.16575980865899512,21.437,22.282,0.0006766046123923336,0.0470000000000006,0.4558833333333333,0.021295611180606095,0.399,0.506,-9.105307029730462e-05,0.01100000000000001,11.945883333333335,0.7596111744760531,10.242,13.712,0.005483995554320642,-0.4450000000000003,0.020466666666666668,0.010322252122908493,0.0,0.052,6.76298971936649e-05,-0.028,3.7462499999999994,0.004787570713141786,3.734,3.758,-3.1592108919145416e-05,-0.008999999999999897,-0.4924835959219489,0,0,
2026-01-31T18:51:19.995101+00:00,21.950616666666672,0.16042745937719707,21.437,22.263,0.0013306751875520966,-0.05500000000000327,0.4549166666666667,0.02263352356326537,0.396,0.506,-0.00019241455959988866,-0.03799999999999998,11.94175,0.7576923875601936,10.242,13.712,0.0066582661850514025,0.5690000000000008,0.020099999999999996,0.01047329938462565,0.0,0.052,5.334815226451792e-05,0.005,3.7463166666666665,0.004811415823042302,3.734,3.758,-2.586829674909823e-05,0.0030000000000001137,-0.4911537416791745,0,0,
2026-01-31T18:51:20.998500+00:00,21.950883333333334,0.16041623896046878,21.437,22.263,0.0013081689358155058,-0.0639999999999965,0.45439999999999997,0.02263713762824266,0.396,0.506,-0.00019294248402333965,0.04299999999999998,11.917266666666668,0.738713405561017,10.242,13.712,0.008592108919144208,-0.39700000000000024,0.020366666666666665,0.010467356665154559,0.0,0.052,5.257015837732705e-05,0.023,3.7460833333333325,0.004673655481050699,3.734,3.758,-1.653237010280802e-05,-0.008000000000000007,-0.5118217082407668,0,0,
2026-01-31T18:51:22.000800+00:00,21.954316666666667,0.15857358877049968,21.437,22.263,0.0010227563212003316,0.01799999999999713,0.4547333333333334,0.02230236659091486,0.396,0.506,-0.0002681856071130868,0.0030000000000000027,11.939983333333332,0.746297047465388,10.242,13.712,0.009418588496804669,1.0830000000000002,0.020399999999999995,0.01046295050802274,0.0,0.052,4.795776604612392e-05,-0.008,3.745883333333333,0.004408672009674634,3.734,3.756,3.528757988328358e-06,0.0040000000000000036,-0.5030004625979024,0,0,
2026-01-31T18:51:23.001568+00:00,21.954616666666666,0.15877689710897977,21.437,22.263,0.001381300361211449,0.10100000000000264,0.45408333333333334,0.02365748061161392,0.387,0.506,-0.00042792442345095837,-0.05499999999999999,11.9393,0.7469652892426349,10.242,13.712,0.006984106696304527,-1.6690000000000005,0.020399999999999995,0.01046295050802274,0.0,0.052,0.00010330647402056126,0.016999999999999998,3.7457499999999997,0.00455201420618752,3.734,3.756,-1.2531258682968935e-05,-0.008999999999999897,-0.5566632729341393,1,0,
2026-01-31T18:51:24.007239+00:00,21.955566666666662,0.15959097370744027,21.437,22.263,0.001836121144762435,0.04899999999999949,0.4546833333333334,0.023418291758556784,0.387,0.506,-0.0004592108919144205,0.07600000000000001,11.968333333333332,0.7525485956992339,10.242,13.712,0.007464851347596553,1.7799999999999994,0.020516666666666666,0.010452259192261846,0.0,0.052,0.0001001111419838844,-0.013999999999999999,3.7459000000000002,0.004441095960833653,3.734,3.756,-2.3617671575439324e-05,0.009999999999999787,-0.5569484553286491,1,0,
2026-01-31T18:51:25.008798+00:00,21.958466666666666,0.1635572750513478,21.437,22.265,0.0025729369269241486,0.14499999999999957,0.4553333333333333,0.023208954210725552,0.387,0.506,-0.0004842456237843843,0.0040000000000000036,11.968566666666668,0.752582561731417,10.242,13.712,0.007830119477632676,-0.8839999999999986,0.020349999999999993,0.010395231278491755,0.0,0.052,0.00011200333425951654,-0.004,3.7459,0.004441095960833653,3.734,3.756,-2.9952764656850158e-05,-0.0029999999999996696,-0.5311672895132795,1,1,unknown
2026-01-31T18:51:26.010650+00:00,21.970416666666665,0.17506592012407465,21.437,22.486,0.0031166157265907204,0.22100000000000009,0.4545166666666667,0.023676635224532123,0.387,0.506,-0.0005290080577938314,-0.050000000000000044,11.983133333333337,0.7493850026670017,10.242,13.712,0.007280466796332316,0.16299999999999848,0.02063333333333333,0.010422678265312721,0.0,0.052,0.00011536537927201998,0.011,3.7458,0.004346646216720766,3.734,3.756,-1.6115587663240865e-05,0.0029999999999996696,-0.532923742420691,1,1,unknown
2026-01-31T18:51:27.016384+00:00,21.97161666666667,0.17513433812045223,21.437,22.486,0.0031499027507641,-0.4690000000000012,0.4540333333333334,0.023508130981050406,0.387,0.506,-0.0005015837732703528,0.031000000000000028,11.998700000000005,0.7334933832921285,10.242,13.712,0.004756710197277023,-0.5469999999999988,0.020949999999999993,0.010167636565757714,0.0,0.052,8.771881078077242e-05,-0.008,3.7457833333333337,0.004328555057855742,3.734,3.756,-4.167824395678453e-07,0.0030000000000001137,-0.5258141831420984,1,1,unknown
